﻿Designator,Footprint,Quantity,Value,LCSC Part #
"D_10, D_11, D_12, D_13, D_2, D_3, D_4, D_5, D_6, D_7, D_8, D_9",D_SOD-123,12,D,
"J1, J7",PinHeader_1x05_P2.54mm_Horizontal,2,Conn_01x04_Socket,
"J6, J8",PinHeader_1x03_P2.54mm_Horizontal,2,Conn_01x03_Socket,
"K_10, K_11, K_12, K_13, K_2, K_3, K_4, K_5, K_6, K_7, K_8, K_9",MX-Solderable-1U,12,KEYSW,
"K_58, K_59, K_60, K_62, K_63, K_64, K_65, K_66, K_67, K_68",Gateron-KS33-Solderable-1U,10,KEYSW,
"K_61, K_69",Gateron-KS33-Solderable-1.25U,2,KEYSW,
